環境,元の,翻訳,コメント 
# encoding UTF-8
# __init__.py
"*","Display Type","画面タイプ"
"*","Octahedral","八面体"
"*","Display bones as octahedral shape (default).","ボーンを八面体形状として表示します（デフォルト）。"
"*","Stick","スティック"
"*","Display bones as simple 2D lines with dots.","ボーンをドット付きの単純な2Dラインとして表示します。"
"*","B-Bone","Bボーン"
"*","Display bones as boxes, showing subdivision and B-Splines.","ボーンをボックスとして表示し、サブディビジョンとBスプラインを表示します。"
"*","Envelope","封筒"
"*","Display bones as extruded spheres, showing deformation influence volume.","ボーンを押し出された球として表示し、変形がボリュームに影響を与えることを示します。"
"*","Wire","ワイヤー"
"*","Display bones as thin wires, showing subdivision and B-Splines.","ボーンを細いワイヤとして表示し、細分割とBスプラインを表示します。"
"*",".menu Default Path",".menuデフォルトパス"
"*","If set. The file selection will open here.","設定されている場合。ここでファイルの選択が開きます。"
"*",".menu Default Export Path",".menuデフォルトのエクスポートパス"
"*","When exporting a .menu file. The file selection prompt will begin here.",".menuファイルをエクスポートする場合。ここからファイル選択プロンプトが始まります。"
"*",".menu Default Import Path",".menuデフォルトのインポートパス"
"*","When importing a .menu file. The file selection prompt will begin here.",".menuファイルをインポートする場合。ここからファイル選択プロンプトが始まります。"
"*","_Color","_Color"
"*","_Cutoff","_Cutoff"
"*","_Cutout","_Cutout"
"*","_HiPow","_HiPow"
"*","_HiRate","_HiRate"
"*","_OutlineColor","_OutlineColor"
"*","_OutlineWidth","_OutlineWidth"
"*","_RimColor","_RimColor"
"*","_RimPower","_RimPower"
"*","_RimShift","_RimShift"
"*","_ShadowColor","_ShadowColor"
"*","_Shininess","_Shininess"
"*","_ZTest","_ZTest"
"*","_ZTest2","_ZTest2"
"*","_ZTest2Alpha","_ZTest2Alpha"
"*","Show Bone Axes","骨軸を表示する"
"*","Display bone axes","ボーン軸を表示する"
"*","Show Bone Shapes","骨の形を表示する"
"*","Display bones with their custom shapes","カスタムシェイプでボーンを表示する"
"*","Show Bone Group Colors","ボーングループの色を表示する"
"*","Display bone group colors","ボーングループの色を表示する"
"*","Make the object draw in front of others","オブジェクトを他の人の前に描画させます"
"*","Show Bone Names","ボーン名を表示する"
"*","Display bone names","ボーン名を表示する"
# anm_export.py
"*","Export Method","エクスポート方法"
"*","Creating missing FCurve for {path}[{index}]","{path} [{index}]の欠落しているFCurveを作成する"
"*","Creating missing keyframe @ frame {frame} for {path}[{index}]","{path} [{index}]の欠落しているキーフレーム@フレーム{frame}を作成しています"
# anm_import.py
"*","Unexpected first channel id = {id} (should be 1).","予期しない最初のチャネルID = {id}（1である必要があります）。"
"*","Found the following tangent values:","次のタンジェント値が見つかりました："
"*","Found the above tangent values.","上記のタンジェント値が見つかりました。"
"*","Found {count} large tangents. Blender animation may not interpolate properly. See log for more info.","{count}の大きな接線が見つかりました。 Blenderアニメーションが正しく補間されない場合があります。詳細については、ログを参照してください。"
"*","Found the following unknown channel IDs:","次の不明なチャネルIDが見つかりました。"
"*","Found the above unknown channel IDs.","上記の不明なチャネルIDが見つかりました。"
"*","Found {count} unknown channel IDs. Blender animation may be missing some keyframes. See log for more info.","{count}個の不明なチャネルIDが見つかりました。 Blenderアニメーションにいくつかのキーフレームがない可能性があります。詳細については、ログを参照してください。"
"*","f1 = {float1}, f2 = {float2}","f1 = {float1}、f2 = {float2}"
"*","id = {id}","id = {id}"
"*","Unknown channel id {num}","不明なチャネルID {num}"
# common.py
"*","CNV_SelectorItem","CNV_SelectorItem"
"*","Filter 0","フィルタ0"
"*","Filter 1","フィルター1"
"*","Filter 2","フィルター2"
"*","Filter 3","フィルター3"
"*","Icon","アイコン"
"*","CNV_UL_generic_selector","CNV_UL_generic_selector"
# menu_OBJECT_PT_cm3d2_menu.py
"Operator","Align Attach Point to Selected","アタッチポイントを選択したものに揃えます"
"Operator","Align Selected to Attach Point","選択した位置をアタッチポイントに揃えます"
"Operator","Add Command","コマンドの追加"
"Operator","Move Command","移動コマンド"
"Operator","Remove Command","コマンドの削除"
"Operator","Export CM3D2 Menu File","CM3D2メニューファイルのエクスポート"
"Operator","Import CM3D2 Menu File","CM3D2メニューファイルのインポート"
"Operator","Add Parameter","パラメータを追加"
"Operator","Move Parameter","パラメータの移動"
"Operator","Remove Parameter","パラメータを削除"
"*","CM3D2 Menu","CM3D2メニュー"
"*","Successfully exported to .menu file",".menuファイルに正常にエクスポートされました"
# menu_file.py
"*","Command","コマンド"
"*","The command of this menu file command-chunk","このメニューファイルのコマンドコマンドチャンク"
"*","Attach Point","アタッチポイント"
"*","description","説明"
"*","Location","ロケーション"
"*","Location of the attatchment relative to the base bone","ベースボーンに対するアタッチメントの位置"
"*","Point Name","ポイント名"
"*","Name of the slot to define the attatchment point for","アタッチメントポイントを定義するスロットの名前"
"*","Rotation","回転"
"*","Rotation of the attatchment relative to the base bone","ベースボーンに対するアタッチメントの回転"
"*","Parameters","パラメーター"
"*","Search","探す"
"*","Search for suggestions","提案を検索する"
"*","Property","プロパティ"
"*","Property Name","プロパティ名"
"*","Name of the property to set on load","ロード時に設定するプロパティの名前"
"*","Property Value","プロパティ値"
"*","Value of the property to set on load","ロード時に設定するプロパティの値"
"*","Slot Name","スロット名"
"*","Active Command Index","アクティブコマンドインデックス"
"*","Category","カテゴリー"
"*","Commands","コマンド"
"*","Description","説明"
"*","Path","道"
"*","Version","バージョン"
# misc_DATA_PT_context_arm.py
"Operator","Add CM3D2 Body Sliders","CM3D2ボディスライダーを追加する"
"Operator","Add CM3D2 Twist Bones","CM3D2ツイストボーンを追加する"
"Operator","Cleanup Scale Bones","スケールボーンのクリーンアップ"
"Operator","Save CM3D2 Body Sliders to Menu","CM3D2ボディスライダーをメニューに保存"
"*","Body Sliders","ボディスライダー"
"*","CM3D2 Sliders","CM3D2スライダー"
"*","Wide Sliders","ワイドスライダー"
"Operator","Connect Twist Bones","ツイストボーンを接続する"
"Operator","Original","元の"
"Operator","Pose data","ポーズデータ"
"Operator","Swap Prime Field","プライムフィールドを交換する"
"*","Weight","重量"
"*","Bust","バスト"
"*","Cup","カップ"
"Operator","Connect Sliders","スライダーを接続する"
# misc_DATA_PT_modifiers.py
"*","CNV_UL_modifier_selector","CNV_UL_modifier_selector"
"*","force_values","force_values"
"*","Could not apply '%s' modifier \"%s\" to shapekey %i","'％s'修飾子 \"％s\"をシェイプキー％iに適用できませんでした"
"*","Could not apply '{type}' modifier \"{name}\"","'{type}'修飾子\"{name}\"を適用できませんでした"
"*","Could not apply '{mod_type}' modifier \"{mod_name}\"","'{mod_type}'修飾子\"{mod_name}\"を適用できませんでした"
# misc_DOPESHEET_MT_editor_menus.py
"Operator","Convert to CM3D2 Interpolation","CM3D2補間に変換"
# misc_INFO_MT_add.py
"Operator","body001","body001"
# misc_MATERIAL_PT_context_material.py
"*","x","x"
"*","y","y"
"*","{0:f}","{0：f}"
# misc_MESH_MT_shape_key_specials.py
"Operator","Copy shape key values","形状キー値をコピーする"
"Operator","Weighted shape key transfer","加重形状キー転送"
"*","CM3D2 Converter","CM3D2 Converter"
# misc_TEXTURE_PT_context_texture.py
"Operator","Disabled","無効"
"Operator","Never","決して"
"Operator","Less ","もっと少なく"
"Operator","Equal","等しい"
"Operator","LessEqual","LessEqual"
"Operator","Greater","グレーター"
"Operator","NotEqual","NotEqual"
"Operator","GreaterEqual","GreaterEqual"
"Operator","Always","常に"
# misc_TEXT_HT_header.py
"Operator","BoneData (%d)","BoneData（％d）"
"Operator","LocalBoneData (%d)","LocalBoneData（％d）"
# misc_VIEW3D_MT_pose_apply.py
"Operator","Copy Prime Field","プライムフィールドをコピーする"
# model_export.py
"*","Could not find whether bone with index {index} was used. See console for more info.","インデックス{index}のボーンが使用されたかどうかが見つかりませんでした。詳細については、コンソールを参照してください。"
# model_import.py
"*","Use Selected as Bone Shape","選択したものを骨の形として使用する"
# translations.py
"Operator","Dump Py Messages","Pythonメッセージをダンプする"
# shared
"*","Show Bones in Front","骨を前に表示する","# FROM <__init__.py & model_import.py>"
"*","Order by:","注文者：","# FROM <common.py & misc_MESH_MT_shape_key_specials.py>"
"Operator","CM3D2 → Blender","CM3D2→Blender","# FROM <misc_DATA_PT_context_arm.py & misc_DATA_PT_vertex_groups.py>"
"Operator","Blender → CM3D2","Blender → CM3D2","# FROM <misc_DATA_PT_context_arm.py & misc_DATA_PT_vertex_groups.py>"
"*","CM3D2","CM3D2","# FROM <misc_INFO_MT_add.py & misc_MATERIAL_PT_context_material.py>"